Product Details,Segment,Description,Relevance to Allergoff,ASIN,URL,Image URL,Brand,Price  US$,ASIN Sales,ASIN Revenue,BSR,Ratings,Review Count,Review velocity,Creation Date,Seller Age (mo)
"Flonase Allergy Relief Nasal Spray, 24 Hour Non Drowsy Allergy Medicine, Metered Nasal Spray - 72 Sprays - Fall and Seasonal Allergy Relief",Other Pest Control,"Spraye z miętą pieprzową, ogólne środki owadobójcze itp.",Tangential,B088WMFYMJ,https://www.amazon.com/dp/B088WMFYMJ?psc=1,https://m.media-amazon.com/images/I/71wfmpIiNEL._AC_SY355_.jpg,Flonase,15.72,"48,824","808,224.14",251,4.7,"20,061",118,"May 20, 2020",70
"Tide Antibacterial Fabric Spray, 2 count, 22 fl oz each",Other Pest Control,"Spraye z miętą pieprzową, ogólne środki owadobójcze itp.",Tangential,B08N2BS9VY,https://www.amazon.com/dp/B08N2BS9VY?psc=1,"https://m.media-amazon.com/images/I/81gzfZDal7L._AC_SY355_PIbundle-2,TopRight,0,0_SH20_.jpg",Tide,9.94,"18,705","234,266.21","1,367",4.7,"11,113",95,"Jan 18, 2021",62
"Ortho Home Defense Max Bed Bug, Flea & Tick Killer with Comfort Wand – Also Kills Bed Bug Eggs, Ready-to-Use, Indoor Pest Control Spray, 1 gal.",Bed Bug,Środki zabijające pluskwy (niektóre wspominają o roztoczach w drugiej kolejności),Indirect,B07YM6QZQV,https://www.amazon.com/dp/B07YM6QZQV?psc=1,https://m.media-amazon.com/images/I/71XnOUNthcL._AC_SY355_.jpg,Ortho,23.97,"7,407","156,668.52",185,4.4,"32,315",219,"Oct 1, 2019",77
"Allergen Spray, Pets, Dust Allergies & More, Air & Surface, Just Add Water, Bottle, Over 33oz",Allergen Neutralizer,"Spraye neutralizujące/kontrolujące alergeny (kurz, sierść zwierząt, pyłki)",Direct competitors,B010W5OSO6,https://www.amazon.com/dp/B010W5OSO6?psc=1,https://m.media-amazon.com/images/I/71IQI+UhKtL._AC_SY355_.jpg,Allergy Asthma Clean,19.99,"3,841","76,748.45","8,204",4.4,"8,248",41,"Jul 10, 2015",128
"Bed Bug Killer 16 oz EcoVenger by EcoRaider, 100% Kill Efficacy, Bedbugs & Mites, Kills Eggs & The Resistant, Lasting Protection, USDA BIO-Certified, Plant Extract Based & Non-Toxic, Child & Pet Safe",Bed Bug,Środki zabijające pluskwy (niektóre wspominają o roztoczach w drugiej kolejności),Indirect,B0077CPANQ,https://www.amazon.com/dp/B0077CPANQ?psc=1,https://m.media-amazon.com/images/I/61Ar--ff5zL._AC_SY355_.jpg,EcoVenger,19.95,"5,263","104,992.45","4,625",4.2,"20,340",93,"Aug 22, 2013",151
"Allerpet Aloe Vera Free Cat Dander Remover - Pet Dander Allergy Relief, Natural & Safe Allergy Relief for Cats and Humans, Soothing Chamomile & Rosemary, Made in USA (12 oz)",Other Pest Control,"Spraye z miętą pieprzową, ogólne środki owadobójcze itp.",Tangential,B07GL335GN,https://www.amazon.com/dp/B07GL335GN?psc=1,"https://m.media-amazon.com/images/I/91Q+ondzFJL._AC_SY355_PIbundle-2,TopRight,0,0_SH20_.jpg",Allerpet,26.99,"3,339","83,208.14","3,568",4.4,"4,326",22,"Nov 15, 2018",88
"Allergen Spray, Pets, Dust Allergies & More, Air & Surface, Just Add Water, Bottle with One Refill, Over 64oz Total",Allergen Neutralizer,"Spraye neutralizujące/kontrolujące alergeny (kurz, sierść zwierząt, pyłki)",Direct competitors,B0BLQDJ728,https://www.amazon.com/dp/B0BLQDJ728?psc=1,https://m.media-amazon.com/images/I/71cBUeJ3ZZL._AC_SY355_.jpg,Allergy Asthma Clean,29.99,330,"9,898.29","8,206",4.4,"8,248",41,"Nov 1, 2022",40
"Allergen Spray, Pets, Dust Allergies & More, Air & Surface Control, Just Add Water, Bottle Plus Two Refills, Over 100oz Total",Allergen Neutralizer,"Spraye neutralizujące/kontrolujące alergeny (kurz, sierść zwierząt, pyłki)",Direct competitors,B09GC9L25H,https://www.amazon.com/dp/B09GC9L25H?psc=1,https://m.media-amazon.com/images/I/818PayrywyL._AC_SY355_.jpg,Allergy Asthma Clean,39.98,239,"9,216.64","8,206",4.4,"8,248",60,"Sep 15, 2021",54
"Pledge Dust & Allergen Multisurface Cleaner, Aerosol Spray, Lemon Scent, 9.7oz (Pack of 3)",Multi-Pest Spray,Zabija roztocza + pchły + pająki + inne szkodniki,Partial overlap,B06XD7BRJG,https://www.amazon.com/dp/B06XD7BRJG?psc=1,"https://m.media-amazon.com/images/I/71FfVVhaBhL._AC_SY355_PIbundle-3,TopRight,0,0_SH20_.jpg",Pledge,14.77,"5,138","75,747.18","8,728",4.8,"15,371",31,"Mar 6, 2017",108
"Premo Guard Poultry Spray - 128 oz - Kill Scaly Leg, Mites, Fleas, Lice, & Other Pest on Chickens and in Coops - Natural Plant Based Oils for Control, & Prevention - Family Safe with No Egg Withdrawl",Poultry/Farm Mite,Spraye na roztocza w kurnikach/gospodarstwach,Different market,B0BW15HLSL,https://www.amazon.com/dp/B0BW15HLSL?psc=1,https://m.media-amazon.com/images/I/71NIWBSX2hL._AC_SY355_.jpg,Premo Guard,89.97,824,"68,912.38",741,4.5,"1,746",53,"Jul 5, 2022",44
"The Ecology Works DustmiteX Dust Mite Spray - Dust Mites Remover + Flea Killer for Allergy & Asthma Relief For Cleaning in Home, Bed, Pet Bedding, & Furniture, Anti Allergen Dust Mites Killer",Dust Mite Specialist,Zabija roztocza + pchły + pająki + inne szkodniki,Partial overlap,B0882XN8GK,https://www.amazon.com/dp/B0882XN8GK?psc=1,https://m.media-amazon.com/images/I/61BuDhiKFsL._AC_SY355_.jpg,The Ecology Works,21.95,"2,992","65,404.57","12,763",4.3,"2,204",250,"May 5, 2020",70
Bed Bug & Mite Laundry Detergent Additive by Premo Guard – 32 oz – Child & Pet Friendly – Stain & Odor Free – Best Natural Non-Toxin Treatment,Bed Bug,Środki zabijające pluskwy (niektóre wspominają o roztoczach w drugiej kolejności),Indirect,B08XWGL1HK,https://www.amazon.com/dp/B08XWGL1HK?psc=1,https://m.media-amazon.com/images/I/711eqc-f8KL._AC_SY355_.jpg,Premo Guard,35.97,"1,728","62,149.65","13,378",4.3,"2,174",53,"Mar 2, 2021",60
"Bed Bug, Mite & Lice Laundry Detergent Additive by Premo Guard – 128 oz – Child & Pet Friendly – Stain & Odor Free – Best Natural Non-Toxin Treatment",Bed Bug,Środki zabijające pluskwy (niektóre wspominają o roztoczach w drugiej kolejności),Indirect,B0BN2832WW,https://www.amazon.com/dp/B0BN2832WW?psc=1,https://m.media-amazon.com/images/I/71Wb2dzgqFL._AC_SY355_.jpg,Premo Guard,79.97,648,"51,798.71","13,378",4.3,"2,174",52,"Nov 25, 2022",40
"Hygea Natural Lice, Mite, and Bed Bug Killer Travel Spray - TSA Approved Size – Child & Pet Friendly – Immediate Results – Stain & Odor Free, for Hotels, Suitcase, Backpack, Shoes, Bed Bug Spray(3oz)",Bed Bug,Środki zabijające pluskwy (niektóre wspominają o roztoczach w drugiej kolejności),Indirect,B004X5KAE4,https://www.amazon.com/dp/B004X5KAE4?psc=1,https://m.media-amazon.com/images/I/71VpJDtzb6L._AC_SY355_.jpg,Hygea Natural,13.5,"3,800","51,302.36","8,010",4.5,"2,862",42,"Apr 4, 2011",179
"Premo Guard Poultry Spray - 32 oz - Kill Scaly Leg, Mites, Fleas, Lice, & Other Pest on Chickens and in Coops - Natural Plant Based Oils for Control, & Prevention - Family Safe with No Egg Withdrawl",Poultry/Farm Mite,Spraye na roztocza w kurnikach/gospodarstwach,Different market,B0B5JYG9QR,https://www.amazon.com/dp/B0B5JYG9QR?psc=1,https://m.media-amazon.com/images/I/61GwhfKeLHL._AC_SY355_.jpg,Premo Guard,35.97,"1,432","47,813.38",741,4.5,"1,746",50,"Jul 4, 2022",44
"Premo Guard Bed Bug Killer Spray 24 oz - University Tested 100% Kill Rate - Natural Non Toxic, Stain & Scent Free - Kill Bedbugs & Mites On Bed & Blankets, Furniture, Clothing - Child & Pet Safe",Bed Bug,Środki zabijające pluskwy (niektóre wspominają o roztoczach w drugiej kolejności),Indirect,B072YVN9XW,https://www.amazon.com/dp/B072YVN9XW?psc=1,https://m.media-amazon.com/images/I/61n+lZYIiaL._AC_SY355_.jpg,Premo Guard,29.97,"1,528","45,766.84","13,279",4.2,"5,044",33,"Sep 6, 2017",102
"Bonide Captain Jack's Deadbug Brew Ready-to-Use Spray, 32 oz Outdoor Insecticide and Mite Killer for Organic Gardening",General Mite Spray,"Ogólne środki zabójcze roztoczy, bez określonej niszy",Partial overlap,B001VJ4FYQ,https://www.amazon.com/dp/B001VJ4FYQ?psc=1,https://m.media-amazon.com/images/I/51SOf64ByuS._AC_SY355_.jpg,Bonide,8.85,"3,913","34,633.08",587,4.4,"7,124",40,"Mar 4, 2010",192
"Premo Guard Bed Bug, Mite & Lice Laundry Detergent Additive 64 oz – Child & Pet Friendly – Stain & Odor Free – Best Natural Non-Toxin Treatment",Bed Bug,Środki zabijające pluskwy (niektóre wspominają o roztoczach w drugiej kolejności),Indirect,B0DJQNDBK4,https://www.amazon.com/dp/B0DJQNDBK4?psc=1,https://m.media-amazon.com/images/I/71AQYiv5phL._AC_SY355_.jpg,Premo Guard,49.97,794,"39,682.38","13,378",4.3,"2,174",49,"Mar 2, 2021",60
"Steri-fab All-in-One Disinfectant & Insecticide Spray – Kills Bed Bugs, Fleas, Mites, Roaches, Viruses, Fungi, & Odors – Quick-Drying, Non-Residual, 1 Gallon Jug",Bed Bug,Środki zabijające pluskwy (niektóre wspominają o roztoczach w drugiej kolejności),Indirect,B00LW6Q5DM,https://www.amazon.com/dp/B00LW6Q5DM?psc=1,https://m.media-amazon.com/images/I/71s97PPRHJL._AC_SY355_.jpg,Steri-Fab,56.03,693,"38,499.52","8,387",4.4,"1,969",16,"Jul 17, 2014",140
"BASF PT Alpine Flea & Bed Bug Killer, Fast Acting Insecticide, Extended Long Lasting Pest Control Formula, Quick Dry, Non-staining, Ready to Use Spray Can 14 oz",Bed Bug,Środki zabijające pluskwy (niektóre wspominają o roztoczach w drugiej kolejności),Indirect,B0C5NSXT9B,https://www.amazon.com/dp/B0C5NSXT9B?psc=1,https://m.media-amazon.com/images/I/71wqWtX9ERL._AC_SY355_.jpg,BASF,24.5,"1,640","38,009.74","2,303",4.7,893,21,"May 18, 2023",34
Allersearch ADMS Anti-Allergen Spray 32,Allergen Neutralizer,"Spraye neutralizujące/kontrolujące alergeny (kurz, sierść zwierząt, pyłki)",Direct competitors,B0010DLYR4,https://www.amazon.com/dp/B0010DLYR4?psc=1,https://m.media-amazon.com/images/I/71w2ofvNwML._AC_SY355_.jpg,Allersearch,26.95,"1,112","29,966.68","26,203",4.4,"3,707",15,"Mar 24, 2011",180
"Ortho Home Defense Max Bed Bug Trap, Detect Bed Bugs in Homes and While Traveling, 2 Traps in Each Package",Bed Bug,Środki zabijające pluskwy (niektóre wspominają o roztoczach w drugiej kolejności),Indirect,B07YM6HZ23,https://www.amazon.com/dp/B07YM6HZ23?psc=1,https://m.media-amazon.com/images/I/71VGi3XU2VL._AC_SY355_.jpg,Ortho,11.45,"2,850","35,540.35",185,4.4,"32,315",219,"Oct 1, 2019",77
"Nix Lice & Bed Bug Spray for Home Use, Kills Lice on Bedding & Furniture, Odor-Free & Non-Staining, 5 Fl Oz",Bed Bug,Środki zabijające pluskwy (niektóre wspominają o roztoczach w drugiej kolejności),Indirect,B000GCSWD4,https://www.amazon.com/dp/B000GCSWD4?psc=1,https://m.media-amazon.com/images/I/61BxXoMhx5L._AC_SY355_.jpg,Nix,9.39,"3,811","35,412.82","6,353",4.5,"10,639",46,"May 14, 2008",214
"Dust Mite Killer Spray by Mite-B-Gone 16oz | Naturally Kills Human Mites, Chicken, Bird, Dust, Spider, Rat, Turkey, Carpet Mites | Family & Pet Safe Treatment for Homes, Furniture, Bedding & Farms",Dust Mite Specialist,Spraye specjalnie zwalczające roztocza kurzu domowego,Close competitors,B0CKM16ZPL,https://www.amazon.com/dp/B0CKM16ZPL?psc=1,https://m.media-amazon.com/images/I/613BK6jtFBL._AC_SY355_.jpg,Naturasil,24.99,"1,456","36,125.39","1,781",4.2,"2,762",N/A,"Sep 26, 2023",30
"Premo Guard Natural Mite Spray – 16 oz Bottle – Plant Based Treatment for Dust, Spider, Carpet, Bird, Rat Mites – Safe for Families, Pet, Home, Bedding & Furniture When Used As Directed",Multi-Pest Spray,Zabija roztocza + pchły + pająki + inne szkodniki,Partial overlap,B092815SDC,https://www.amazon.com/dp/B092815SDC?psc=1,https://m.media-amazon.com/images/I/61jM1IpB2eL._SX342_.jpg,Premo Guard,24.97,"1,266","31,610.95","2,453",4.2,"4,037",43,"May 1, 2021",58
Allergen Spray Concentrate 2 Pack | Use Your Own Bottle | Over 64oz Total,Allergen Neutralizer,"Spraye neutralizujące/kontrolujące alergeny (kurz, sierść zwierząt, pyłki)",Direct competitors,B08B72LPVB,https://www.amazon.com/dp/B08B72LPVB?psc=1,"https://m.media-amazon.com/images/I/71F0kgXhX-L._AC_SY355_PIbundle-2,TopRight,0,0_SH20_.jpg",Allergy Asthma Clean,19.99,"1,256","25,086.73","23,692",4.6,"1,803",23,"Jun 15, 2020",69
Steri-fab Bed Bug Insecticide 4 Gals Dust Mite Bed Bugs Killer Mattress Spray,Bed Bug,Środki zabijające pluskwy (niektóre wspominają o roztoczach w drugiej kolejności),Indirect,B07CJY38L1,https://www.amazon.com/dp/B07CJY38L1?psc=1,https://m.media-amazon.com/images/I/71aRqksw9GS._SX342_.jpg,Steri-Fab,186.17,145,"27,021.61","80,039",4.7,141,N/A,"Apr 20, 2018",95
"Premo Guard Poultry Spray - 16 oz - Kill Scaly Leg, Mites, Fleas, Lice, & Other Pest on Chickens and in Coops - Natural Plant Based Oils for Control, & Prevention - Family Safe with No Egg Withdrawl",Poultry/Farm Mite,Spraye na roztocza w kurnikach/gospodarstwach,Different market,B0DJLG1YGM,https://www.amazon.com/dp/B0DJLG1YGM?psc=1,https://m.media-amazon.com/images/I/61AqbbxiFSL._AC_SY355_.jpg,Premo Guard,24.97,"1,155","26,866.84",741,4.5,"1,746",50,"Oct 9, 2024",17
"Premo Guard Natural Mite Spray – 32 oz Bottle – Plant Based Treatment for Dust, Spider, Carpet, Bird, Rat Mites – Safe for Families, Pet, Home, Bedding & Furniture When Used As Directed",Dust Mite Specialist,Zabija roztocza + pchły + pająki + inne szkodniki,Partial overlap,B09VJN89JJ,https://www.amazon.com/dp/B09VJN89JJ?psc=1,https://m.media-amazon.com/images/I/61yjuNYdeYL._SX342_.jpg,Premo Guard,35.97,711,"25,112.15","2,451",4.2,"4,037",44,"May 1, 2021",58
Allergen Spray Concentrate 4 Pack | Use Your Own Bottle | Over 128oz Total,Allergen Neutralizer,"Spraye neutralizujące/kontrolujące alergeny (kurz, sierść zwierząt, pyłki)",Direct competitors,B09GJMJ81T,https://www.amazon.com/dp/B09GJMJ81T?psc=1,"https://m.media-amazon.com/images/I/71lo9SHhsHL._AC_SY355_PIbundle-4,TopRight,0,0_SH20_.jpg",Allergy Asthma Clean,39.98,222,"8,874.51","23,681",4.6,"1,803",23,"Sep 17, 2021",54
"Green Bean Buddy Bed Bug Killer That Works, Roach Killer, Flea and Tick Killer, Beetle, Mite Spray with Residual Protection, Child & Pet Friendly, 32oz",Dust Mite Specialist,Środki zabijające pluskwy (niektóre wspominają o roztoczach w drugiej kolejności),Indirect,B08232QWQK,https://www.amazon.com/dp/B08232QWQK?psc=1,https://m.media-amazon.com/images/I/51bWKLBzDqL._SX342_.jpg,Green Bean Buddy,56.99,440,"24,363.05","48,963",3.9,395,10,"Dec 9, 2019",75
"Mite Killer Spray by Mite-B-Gone - 32oz | Plant-Based Treatment for Human, Dust, Chicken, Bird, Carpet & Rat Mites in Homes, Furniture & Bedding | Farm, Family & Pet Safe",Dust Mite Specialist,Spraye na roztocza w kurnikach/gospodarstwach,Different market,B0CKM1CXM3,https://www.amazon.com/dp/B0CKM1CXM3?psc=1,https://m.media-amazon.com/images/I/61zmQSpaeoL._AC_SY355_.jpg,Naturasil,32.97,707,"23,925.89","1,781",4.2,"2,762",N/A,"Sep 26, 2023",30
EcoVenger (Formerly EcoRaider) Bed Bug Killer with Remote Sprayer 1Gal - Kills 100% All Stages on Contact- Kills Resistant Bugs- Kills Eggs- 14 Day Residual Protection- Non-toxic- Child & Pet Friendly,Bed Bug,Środki zabijające pluskwy (niektóre wspominają o roztoczach w drugiej kolejności),Indirect,B07QKGD5NN,https://www.amazon.com/dp/B07QKGD5NN?psc=1,https://m.media-amazon.com/images/I/71tR+7Ivg9L._AC_SY355_.jpg,EcoVenger,74.95,309,"23,011.82","46,766",4.2,"1,589",22,"Jul 16, 2018",92
"Premo Guard Natural Mite Spray – Large 128 oz Bottle – Plant Based Treatment for Dust, Spider, Carpet, Bird, Rat Mites – Safe for Families, Pet, Home, Bedding & Furniture When Used As Directed",Dust Mite Specialist,Zabija roztocza + pchły + pająki + inne szkodniki,Partial overlap,B092829QPV,https://www.amazon.com/dp/B092829QPV?psc=1,https://m.media-amazon.com/images/I/71jDik5+FfL._SX342_.jpg,Premo Guard,89.97,253,"22,456.88","2,451",4.2,"4,037",43,"May 1, 2021",58
LivePure Anti-Allergen 32 OZ Fabric Spray for Household Surfaces,Allergen Neutralizer,"Spraye neutralizujące/kontrolujące alergeny (kurz, sierść zwierząt, pyłki)",Direct competitors,B07NDCG5DK,https://www.amazon.com/dp/B07NDCG5DK?psc=1,https://m.media-amazon.com/images/I/61ZYwA0tklL._AC_SY355_.jpg,LivePure,19.99,394,"7,876.19","43,735",4.3,"1,242",6,"Feb 4, 2019",85
"Premo Guard Bed Bug Killer Spray 128 oz - University Tested 100% Kill Rate - Natural Non Toxic, Stain & Scent Free - Kill Bedbugs & Mites On Bed & Blankets, Furniture, Clothing - Child & Pet Safe",Bed Bug,Środki zabijające pluskwy (niektóre wspominają o roztoczach w drugiej kolejności),Indirect,B07ND2NR35,https://www.amazon.com/dp/B07ND2NR35?psc=1,https://m.media-amazon.com/images/I/713lunmUEnL._AC_SY355_.jpg,Premo Guard,89.97,238,"21,383.29","13,279",4.2,"5,044",35,"Mar 27, 2019",84
"The Ecology Works- Plant-Based Dog & Cat Allergy Spray, Dander Remover & Dust Mite Waste Reducer for Relief from Allergies - Cleans Home, Bedding & Furniture Naturally, Fragrance-Free",Allergen Neutralizer,"Spraye neutralizujące/kontrolujące alergeny (kurz, sierść zwierząt, pyłki)",Direct competitors,B0886ZQ5TK,https://www.amazon.com/dp/B0886ZQ5TK?psc=1,https://m.media-amazon.com/images/I/61HmmIo0X0L._AC_SY355_.jpg,The Ecology Works,17.99,"2,308","44,448.19","15,565",4.4,953,23,"May 5, 2020",70
"Flonase Sensimist Allergy Relief Nasal Spray - Non-Drowsy 24HR Long Lasting Allergy Relief with Fine, Scent-Free Mist - 120 Sprays Plus Bonus Pack of Tissues",Other Pest Control,"Spraye z miętą pieprzową, ogólne środki owadobójcze itp.",Tangential,B0D2J2F6G9,https://www.amazon.com/dp/B0D2J2F6G9?psc=1,https://m.media-amazon.com/images/I/71R+AVjf9SL._AC_SY355_.jpg,Flonase,27.99,734,"20,550.93","3,577",4.7,797,92,"Apr 23, 2024",23
"MGK Bedlam Plus® | Fast-Acting Bed Bug Spray Aerosol | Insecticide Spray | for Indoor Use on Mattresses, Wood Furniture and Carpets | 17 Ounce Can",Bed Bug,Środki zabijające pluskwy (niektóre wspominają o roztoczach w drugiej kolejności),Indirect,B00A6JIAK2,https://www.amazon.com/dp/B00A6JIAK2?psc=1,https://m.media-amazon.com/images/I/61ZbllhzInL._AC_SY355_.jpg,MGK,23.41,950,"20,332.60","7,883",4.5,"2,915",9,"Apr 18, 2012",167
"Mite Killer Spray - 1 Gal Natural Mite Treatment Kills Human, Dust, Chicken, Poultry, Bird, Carpet & Rat Mites in Homes and Farm | Family & Pet Safe by Mite-Be-Gone",Poultry/Farm Mite,Spraye na roztocza w kurnikach/gospodarstwach,Different market,B0CKLY6H52,https://www.amazon.com/dp/B0CKLY6H52?psc=1,https://m.media-amazon.com/images/I/712vyGIukZL._AC_SY355_.jpg,Naturasil,72.99,254,"19,070.64","1,781",4.2,"2,762",N/A,"Sep 26, 2023",30
"Premo Guard Pet Protector Spray - 16 oz - Kills Mites, Fleas, Ticks, & Mosquitoes - for Dogs, Cats, & Home - Natural Plant Based Oils for Control, Prevention & Treatment - Family Safe",Flea & Tick,"Spraye na pchły i kleszcze dla zwierząt, które również wspominają o roztoczach",Different market,B0C1DY9BRS,https://www.amazon.com/dp/B0C1DY9BRS?psc=1,https://m.media-amazon.com/images/I/61ZkvorbP1L._AC_SY355_.jpg,Premo Guard,24.97,729,"18,187.15","8,694",4.2,"1,359",101,"Apr 2, 2023",35
"Steri-fab All-in-One Disinfectant & Insecticide Spray – Kills Bed Bugs, Fleas, Mites, Roaches, Viruses, Fungi, & Odors – Quick-Drying, Non-Residual, 16 Ounce Sprayer Bottle",Bed Bug,Środki zabijające pluskwy (niektóre wspominają o roztoczach w drugiej kolejności),Indirect,B01LMOVF4M,https://www.amazon.com/dp/B01LMOVF4M?psc=1,https://m.media-amazon.com/images/I/61-Jkslc8wL._AC_SY355_.jpg,Steri-Fab,19.55,896,"17,833.88","9,648",4.4,380,7,"Sep 7, 2016",114
"Steri-fab All-in-One Disinfectant & Insecticide Spray – Kills Bed Bugs, Fleas, Mites, Roaches, Viruses, Fungi, & Odors – Quick-Drying, Non-Residual, 1 Gallon Jug",Bed Bug,Środki zabijające pluskwy (niektóre wspominają o roztoczach w drugiej kolejności),Indirect,B000SON2IA,https://www.amazon.com/dp/B000SON2IA?psc=1,https://m.media-amazon.com/images/I/71s97PPRHJL._AC_SY355_.jpg,Steri-Fab,55.65,321,"17,764.49","69,150",4.5,"1,475",4,"Jun 27, 2007",225
"Licefreee Home Lice Control Spray - Non-Staining Lice Treatment Spray for Furniture, Mattresses, Fresh Citrus Fragrance, 16 Fl Oz",Lice Treatment,Domowe spraye na wszy,Different market,B07CN9G1JK,https://www.amazon.com/dp/B07CN9G1JK?psc=1,https://m.media-amazon.com/images/I/61tD7HbJ6XL._AC_SY355_.jpg,Licefreee Spray!,19.99,886,"17,695.01","29,958",4.5,"2,665",13,"May 25, 2018",94
Eco Defense Bed Bug Killer - Bed Bug Spray & Dust Mite Spray - Natural Treatment - 16 Oz,Bed Bug,Środki zabijające pluskwy (niektóre wspominają o roztoczach w drugiej kolejności),Indirect,B00UVZXL2I,https://www.amazon.com/dp/B00UVZXL2I?psc=1,https://m.media-amazon.com/images/I/51XL4y3SwTL._AC_SY355_.jpg,Eco Defense,24.95,678,"17,197.68","7,069",4.1,"9,573",16,"Mar 18, 2015",132
"Kate's Home & Garden Peppermint Oil Spray for Bugs, Ants, Insects, Spiders, Roaches, Stink Bug. Pesticide and Insecticide Indoor Repellent Pest Control with Cedar Oil (16oz, Natural, Non Toxic)",Other Pest Control,"Spraye z miętą pieprzową, ogólne środki owadobójcze itp.",Tangential,B0C3TJGC2B,https://www.amazon.com/dp/B0C3TJGC2B?psc=1,https://m.media-amazon.com/images/I/610ab6bVM8L._AC_SY355_.jpg,Kate's Home & Garden,17.99,913,"16,412.44",795,4.1,"1,685",44,"May 23, 2023",34
"Mite Treatment Spray– 16 oz – Kills Dust, Scabies, Spider, Carpet, Bird, Mouse & Rat Mites for Home, Furniture, Bedding – Natural | Non-Toxic| Effective – Child & Pet Safe",Skin Mite,Leczenie świerzbu/nużeńca,Different market,B0F8BJB8L4,https://www.amazon.com/dp/B0F8BJB8L4?psc=1,https://m.media-amazon.com/images/I/7169h-QkreL._AC_SY355_.jpg,USKICH,19.99,767,"15,319.22","35,566",4.3,59,12,"May 12, 2025",10
"Raid Bed Bug Foaming Spray, Kills Bed Bugs and Their Eggs, for Indoor Use, Non-Staining, Keeps Killing for Weeks, 16.5 oz (Pack of 1)",Bed Bug,Środki zabijające pluskwy (niektóre wspominają o roztoczach w drugiej kolejności),Indirect,B07GXHV9VL,https://www.amazon.com/dp/B07GXHV9VL?psc=1,https://m.media-amazon.com/images/I/710jSLz216L._AC_SY355_.jpg,Raid,10.84,"1,381","15,040.15","21,394",4.5,"3,732",40,"Aug 28, 2018",91
"Endust Fragrance Free Hypo-Allergenic Dusting and Cleaning Spray, Hypo-allergenic, Fragrance Free, No Flavor, 10 Fl Oz",Allergen Neutralizer,"Spraye z miętą pieprzową, ogólne środki owadobójcze itp.",Tangential,B0026Q4B1U,https://www.amazon.com/dp/B0026Q4B1U?psc=1,https://m.media-amazon.com/images/I/71pu+NSpChL._AC_SY355_.jpg,Endust,7.49,"1,532","15,008.41","23,728",4.6,"2,632",16,"Apr 16, 2009",203
"The Ecology Works Solution - Plant-Based Dog & Cat Dander Remover Spray and Dust Mite Waste Reducer for Relief from Allergies - For Cleaning Home, Bedding, & Furniture Naturally",Allergen Neutralizer,Spraye specjalnie zwalczające roztocza kurzu domowego,Close competitors,B0887CLLGJ,https://www.amazon.com/dp/B0887CLLGJ?psc=1,https://m.media-amazon.com/images/I/712+3w8bQwL._AC_SY355_.jpg,The Ecology Works,38.99,93,"3,627.74","15,557",4.4,953,23,"Nov 18, 2020",64
"Ortho Home Defense Max Bed Bug & Flea Killer Powder, 12 oz. – Apply to Cracks and Crevices for Up to 8 Months of Control",Bed Bug,Środki zabijające pluskwy (niektóre wspominają o roztoczach w drugiej kolejności),Indirect,B0812KTXBR,https://www.amazon.com/dp/B0812KTXBR?psc=1,https://m.media-amazon.com/images/I/71GmebLppxL._AC_SY355_.jpg,Ortho,10.48,"1,400","14,659.68","2,571",4.4,"32,315",201,"Nov 5, 2019",76
"Endust Plant-based Multi-surface Dusting & Cleaning Spray, 24 Fl Oz (Pack of 2)",Multi-Pest Spray,Zabija roztocza + pchły + pająki + inne szkodniki,Partial overlap,B08QYCSFSC,https://www.amazon.com/dp/B08QYCSFSC?psc=1,"https://m.media-amazon.com/images/I/71f16nUepiL._AC_SY355_PIbundle-2,TopRight,0,0_SH20_.jpg",Endust,14.89,971,"14,462.81","26,918",4.5,"1,336",25,"Jan 2, 2021",62
"Ortho Home Defense Max Bed Bug Killer - Also Kills Fleas & Brown Dog Ticks, Spot Treatment, 18 oz",Bed Bug,Środki zabijające pluskwy (niektóre wspominają o roztoczach w drugiej kolejności),Indirect,B072FJM4YB,https://www.amazon.com/dp/B072FJM4YB?psc=1,https://m.media-amazon.com/images/I/61YS4n1BTeL._AC_SY355_.jpg,Ortho,12.96,"1,102","14,271.62","2,570",4.4,"32,315",219,"Oct 1, 2019",77
Allersearch ADMS Anti-Allergen Spray 128 Oz,Allergen Neutralizer,"Spraye neutralizujące/kontrolujące alergeny (kurz, sierść zwierząt, pyłki)",Direct competitors,B006ZOC2B0,https://www.amazon.com/dp/B006ZOC2B0?psc=1,https://m.media-amazon.com/images/I/71cJRwENiTL._AC_SY355_.jpg,Allersearch,54.95,226,"12,424.90","75,764",4.5,828,0,"Mar 16, 2005",252
"Rid Home Lice Bed Bug Dust Mite Spray Home Treatment Spray with Permethrin Kills Lice and Lice Eggs on Mattresses Furniture Car Interiors and Other Nonwashable Items Spray Can, 5 Ounce",Dust Mite Specialist,Środki zabijające pluskwy (niektóre wspominają o roztoczach w drugiej kolejności),Indirect,B000052XQH,https://www.amazon.com/dp/B000052XQH?psc=1,https://m.media-amazon.com/images/I/611gZVn+xBL._AC_SY355_.jpg,RID,10,"1,322","13,218.52","23,376",4.5,"1,958",28,"Aug 3, 2017",103
Hygea Natural Lice Spray for Home & Furniture - Natural Treatment for Head Lice - Family & Pet Friendly - Quick Action Against Infestations - Stain & Scent Free Gallon Spray,Lice Treatment,Domowe spraye na wszy,Different market,B0CH1H6TBZ,https://www.amazon.com/dp/B0CH1H6TBZ?psc=1,https://m.media-amazon.com/images/I/71Nvl2alWmL._AC_SX355_.jpg,Hygea Natural,59.99,212,"12,708.24","46,706",4.3,148,2,"Aug 31, 2023",31
"BugOut! Laundry Additive – Natural Detergent Booster for Bed Bug, Mite, Flea, Tick & Carpet Beetle Treatment | Plant-Based Killer, Made with Fabric-Safe Soap | Works in Hot and Cold Wash (32 Oz)",Bed Bug,Środki zabijające pluskwy (niektóre wspominają o roztoczach w drugiej kolejności),Indirect,B0FG46F49B,https://www.amazon.com/dp/B0FG46F49B?psc=1,https://m.media-amazon.com/images/I/71cevh-9AlL._AC_SY355_.jpg,ECOPEST,29.99,423,"12,691.99","41,926",4.5,82,10,"Jun 30, 2025",9
"DeMite Laundry Additive - Dust Mite Waste Remover for Allergy Relief, Treatment for Bedding & Clothes, Safe for Children & Pets, Fragrance-Free Gentle Formula, Use with Any Laundry Detergent, 1 Liter",Dust Mite Specialist,Sprays specifically targeting dust mites,Close competitors,B07F37ZV6T,https://www.amazon.com/dp/B07F37ZV6T?psc=1,https://m.media-amazon.com/images/I/616ltt075QL._AC_SY355_.jpg,DeMite,54.95,245,"13,471.70","46,201",4.5,761,8,"Jul 6, 2018",92
"Premo Guard Bed Bug Killer Spray 16 oz - University Tested 100% Kill Rate - Natural Non Toxic, Stain & Scent Free - Kill Bedbugs & Mites On Bed & Blankets, Furniture, Clothing - Child & Pet Safe",Bed Bug,Środki zabijające pluskwy (niektóre wspominają o roztoczach w drugiej kolejności),Indirect,B0C482X3M4,https://www.amazon.com/dp/B0C482X3M4?psc=1,https://m.media-amazon.com/images/I/61weC7exCWL._AC_SY355_.jpg,Premo Guard,24.97,497,"12,399.76","13,279",4.2,"5,044",33,"Jun 1, 2018",93
"DeMite Laundry Additive - Dust Mite Waste Remover for Allergy Relief, Treatment for Bedding & Clothes, Safe for Children & Pets, Fragrance-Free Gentle Formula, Use with Any Laundry Detergent, 8 fl oz",Dust Mite Specialist,Sprays specifically targeting dust mites,Close competitors,B07F9XZBQB,https://www.amazon.com/dp/B07F9XZBQB?psc=1,https://m.media-amazon.com/images/I/51IG8AmuhSL._AC_SY355_.jpg,DeMite,24.95,203,"5,072.97","46,224",4.5,761,8,"Aug 4, 2018",91
"Hot Shot Ready-to-Use Bed Bug Killer Spray, Kills Bed Bugs and Bed Bug Eggs, Kills Fleas and Dust Mites, 32 Ounce",Dust Mite Specialist,Środki zabijające pluskwy (niektóre wspominają o roztoczach w drugiej kolejności),Indirect,B01N5VG342,https://www.amazon.com/dp/B01N5VG342?psc=1,https://m.media-amazon.com/images/I/71O28yrChrL._AC_SY355_.jpg,HOT SHOT,9.99,"1,196","11,105.11","1,184",4.4,"9,398",67,"Jan 31, 2017",110
"Hygea Natural Extra Strength Bed Bug Killer & Mite Travel Spray, TSA Approved Size, Child & Pet-Friendly, Stain & Odor Free, for Hotel, Suitcase, Backpack, Shoes, 66% Stronger Natural Formula(3oz)",Bed Bug,Środki zabijające pluskwy (niektóre wspominają o roztoczach w drugiej kolejności),Indirect,B09F9YKM2J,https://www.amazon.com/dp/B09F9YKM2J?psc=1,https://m.media-amazon.com/images/I/71gEKrJSNtL._AC_SY355_.jpg,Hygea Natural,15.5,695,"10,765.45","18,575",4.4,"1,571",35,"Sep 2, 2021",54
"Grower's Ally Spider Mite Control Concentrate - Natural Insecticide & Spider Mites Killer for Plants Indoor & Outdoor - OMRI Listed Garden Pest Control - Bee, Pet & Kid Safe - 1 Gal, Makes 400",Multi-Pest Spray,Zabija roztocza + pchły + pająki + inne szkodniki,Partial overlap,B07ZJRYHLT,https://www.amazon.com/dp/B07ZJRYHLT?psc=1,https://m.media-amazon.com/images/I/81plZQWFdtL._SX342_.jpg,Grower's Ally,249.98,24,"10,660.97","9,941",4.2,"1,973",7,"Oct 23, 2022",41
"Premo Guard Pet Protector Spray - 32 oz - Kills Mites, Fleas, Ticks, & Mosquitoes - for Dogs, Cats, & Home - Natural Plant Based Oils for Control, Prevention & Treatment - Family Safe",Flea & Tick,"Spraye na pchły i kleszcze dla zwierząt, które również wspominają o roztoczach",Different market,B0B5JZF3HT,https://www.amazon.com/dp/B0B5JZF3HT?psc=1,https://m.media-amazon.com/images/I/61ZkvorbP1L._AC_SY355_.jpg,Premo Guard,35.97,295,"10,624.96","8,694",4.2,"1,359",101,"Jul 4, 2022",44
"Cedarcide Original Bug Spray | Repel & Kill Fleas, Ticks, Mosquitoes, Mites, Ants & Chiggers | for use on People, Pets & Home | Natural Cedar Oil | Eco-Friendly | Pint (16 Oz.)",Flea & Tick,"Spraye na pchły i kleszcze dla zwierząt, które również wspominają o roztoczach",Different market,B01GW76VKM,https://www.amazon.com/dp/B01GW76VKM?psc=1,https://m.media-amazon.com/images/I/61Jb4ng42hL._AC_SY355_.jpg,Cedarcide,29.99,352,"10,554.19","34,973",4.4,301,10,"Jun 10, 2016",117
"Hygea Natural Lice, Mite, and Bed Bug Killer Travel Spray - TSA Approved 3 oz Size Bottles, Child & Pet Friendly, Stain & Odor Free, for Hotels, Suitcase, Backpack, Shoes, Bed Bug Spray (2 Pack)",Bed Bug,Środki zabijające pluskwy (niektóre wspominają o roztoczach w drugiej kolejności),Indirect,B08WNQVNFY,https://www.amazon.com/dp/B08WNQVNFY?psc=1,"https://m.media-amazon.com/images/I/71KRrdzb7iL._AC_SY355_PIbundle-2,TopRight,0,0_SH20_.jpg",Hygea Natural,23,442,"10,161.03","8,012",4.5,"2,862",41,"Apr 18, 2016",119
"Peppermint Oil Spray for Bugs, 32 Oz Insect & Pest Control Spray for Bed Bug, Ants, Mite and Flea, All Natural Plant Extract Based Spider Repellent Indoor, Child & Pet Safe",Bed Bug,Środki zabijające pluskwy (niektóre wspominają o roztoczach w drugiej kolejności),Indirect,B0FQP83DXV,https://www.amazon.com/dp/B0FQP83DXV?psc=1,https://m.media-amazon.com/images/I/71RZH3OzvjL._AC_SY355_.jpg,Ecoseem,29.99,337,"10,088.40","45,373",4,2,N/A,"Sep 11, 2025",6
"Pacagen Cat Allergen Neutralizing Spray for Humans - Perfect for Home Use, Immediate Results, Easy to Use, and Pet Friendly - A Few Sprays Away from A Clear Day",Allergen Neutralizer,"Spraye neutralizujące/kontrolujące alergeny (kurz, sierść zwierząt, pyłki)",Direct competitors,B0D5NFM3MG,https://www.amazon.com/dp/B0D5NFM3MG?psc=1,https://m.media-amazon.com/images/I/61wiTQwtGgL._AC_SY355_.jpg,Pacagen,66,"1,996","128,027.43","5,091",4.2,339,33,"Apr 25, 2024",23
Hygea Natural Extra Strength Bed Bug Killer & Mite Spray - Child & Pet Friendly - Stain & Odor Free - 66% Stronger Formula (24 oz),Bed Bug,Środki zabijające pluskwy (niektóre wspominają o roztoczach w drugiej kolejności),Indirect,B09F9XWXXB,https://www.amazon.com/dp/B09F9XWXXB?psc=1,https://m.media-amazon.com/images/I/61lE+FeGzaL._AC_SX355_.jpg,Hygea Natural,27.75,343,"9,514.63","18,563",4.4,"1,571",37,"Sep 2, 2021",54
"Natural Bed Bug Spray, Non-Toxic 16oz Sprayer, Plant-Based Bedbug & Dust Mite Repellent, Safe for Family & Pets, Fast-Acting Treatment Kills Bed Bugs, Mites",Bed Bug,Środki zabijające pluskwy (niektóre wspominają o roztoczach w drugiej kolejności),Indirect,B0FS6TV91S,https://www.amazon.com/dp/B0FS6TV91S?psc=1,https://m.media-amazon.com/images/I/71U8czrDNGL._AC_SY355_.jpg,Migdracy,25.99,374,"9,372.79","55,366",5,18,N/A,"Sep 2, 2025",6
"Harris 5 Minute Kill Time Bed Bug Killer Spray, Odorless and Non Staining Formula with Residual Protection (32oz)",Bed Bug,Środki zabijające pluskwy (niektóre wspominają o roztoczach w drugiej kolejności),Indirect,B07BK76CCZ,https://www.amazon.com/dp/B07BK76CCZ?psc=1,https://m.media-amazon.com/images/I/61o8lOacbnL._AC_SY355_.jpg,HARRIS,26.99,347,"9,359.32","62,344",4.4,855,5,"Mar 19, 2018",96
Hygea Natural Extra Strength Bed Bug Killer & Mite Spray- Child & Pet Friendly - Stain & Odor Free - 66% Stronger Natural Formula (128 oz),Bed Bug,Środki zabijające pluskwy (niektóre wspominają o roztoczach w drugiej kolejności),Indirect,B08WM2QKS8,https://www.amazon.com/dp/B08WM2QKS8?psc=1,https://m.media-amazon.com/images/I/71aa45cSLqL._AC_SY355_.jpg,Hygea Natural,69.99,132,"9,267.53","18,563",4.4,"1,571",37,"Apr 10, 2022",47
"Clorox PURE Allergen Neutralizer Daily Air Spray, Clean Breeze, 8 Ounces",Allergen Neutralizer,"Spraye neutralizujące/kontrolujące alergeny (kurz, sierść zwierząt, pyłki)",Direct competitors,B0FLZ9FSHC,https://www.amazon.com/dp/B0FLZ9FSHC?psc=1,https://m.media-amazon.com/images/I/61OoWjGPtpL._AC_SY355_.jpg,Clorox,5.97,"13,687","82,053.14","2,971",4.1,296,152,"Dec 1, 2025",3
"Grower's Ally Spider Mite Spray - Ready-to-Use Insect & Spider Mites Killer for Plants Indoor & Outdoor - OMRI Listed Garden Pest Control Plant Spray - Bee, Pet & Kid Safe Natural Formula - 24 Oz",Multi-Pest Spray,Zabija roztocza + pchły + pająki + inne szkodniki,Partial overlap,B07ZJRMTLX,https://www.amazon.com/dp/B07ZJRMTLX?psc=1,https://m.media-amazon.com/images/I/61oWK4f26LL._SX342_.jpg,Grower's Ally,14.98,599,"8,968.07","9,945",4.2,"1,973",8,"May 14, 2020",70
"Clorox PURE Allergen Neutralizer Fabric and Carpet Spray, Clean Breeze, 26 Fluid Ounces",Allergen Neutralizer,"Spraye neutralizujące/kontrolujące alergeny (kurz, sierść zwierząt, pyłki)",Direct competitors,B0FN116TFR,https://www.amazon.com/dp/B0FN116TFR?psc=1,https://m.media-amazon.com/images/I/71lR7uw1WjL._AC_SY355_.jpg,Clorox,6.97,574,"3,993.10","2,810",4.5,216,107,"Aug 19, 2025",7
"12 Pack Natural Bed Bug Repellent Pouches, Plant Based Long-Lasting 2 Month Protection Against Bedbugs, Dust Mites & Fleas, Safe for Mattress, Luggage, Furniture & Travel, No Residue Non-Toxic Formula",Bed Bug,Środki zabijające pluskwy (niektóre wspominają o roztoczach w drugiej kolejności),Indirect,B0FB94WQLG,https://www.amazon.com/dp/B0FB94WQLG?psc=1,"https://m.media-amazon.com/images/I/81QFlJmppbL._AC_SY355_PIbundle-12,TopRight,0,0_SH20_.jpg",Olougda,19.19,461,"8,855.01","15,369",3.7,148,20,"May 29, 2025",10
"Mite Spray – Natural Killer for Dust, Bird, Spider & Other Mites | Bedding & Furniture-Safe | Treatment for Chickens, Poultry, Dogs, Cats, Reptiles & Other Pets | Indoor & Outdoor (22 oz)",Dust Mite Specialist,Spraye na roztocza w kurnikach/gospodarstwach,Different market,B0FBPDVKB4,https://www.amazon.com/dp/B0FBPDVKB4?psc=1,https://m.media-amazon.com/images/I/71nuDIOLa+L._AC_SY355_.jpg,ECOPEST,22.99,349,"8,028.77","49,897",4.3,83,3,"Jun 2, 2025",9
"Flonase Allergy Relief Nasal Spray, 24 Hour Non Drowsy Allergy Medicine, Metered Nasal Spray - 60 Sprays",Other Pest Control,"Spraye z miętą pieprzową, ogólne środki owadobójcze itp.",Tangential,B00MXOVASC,https://www.amazon.com/dp/B00MXOVASC?psc=1,https://m.media-amazon.com/images/I/71COq7KSz0L._AC_SY355_.jpg,Flonase,13.9,455,"8,014","46,759",4.7,"5,149",14,"Jan 1, 2015",134
"Clorox PURE Allergen Neutralizer Daily Air Spray, Nighttime Calm, 8 Ounces",Allergen Neutralizer,"Spraye neutralizujące/kontrolujące alergeny (kurz, sierść zwierząt, pyłki)",Direct competitors,B0FLZKK8Z4,https://www.amazon.com/dp/B0FLZKK8Z4?psc=1,https://m.media-amazon.com/images/I/61QQg+oKerL._AC_SY355_.jpg,Clorox,5.97,450,"2,679.77","4,334",4.2,190,104,"Dec 1, 2025",3
EcoVenger Bed Bug Killer with Remote Sprayer 1 Gal - Kills 100% All Stages on Contact- Kills Resistant Bugs- Kills Eggs- 14 Day Residual Protection- Non-Toxic- Child & Pet Friendly,Bed Bug,Środki zabijające pluskwy (niektóre wspominają o roztoczach w drugiej kolejności),Indirect,B0B7X87ZF9,https://www.amazon.com/dp/B0B7X87ZF9?psc=1,https://m.media-amazon.com/images/I/71tR+7Ivg9L._AC_SY355_.jpg,EcoVenger,74.95,99,"7,426.74","4,626",4.2,"20,340",96,"Jul 28, 2022",44
"Pacagen Dust Allergen Neutralizing Spray for Humans - Perfect for Home Use, Immediate Results, Easy to Use, and Pet Friendly - A Few Sprays Away from A Clear Day",Allergen Neutralizer,"Spraye neutralizujące/kontrolujące alergeny (kurz, sierść zwierząt, pyłki)",Direct competitors,B0F3RQ99LX,https://www.amazon.com/dp/B0F3RQ99LX?psc=1,https://m.media-amazon.com/images/I/61JXZ8k2HzL._AC_SY355_.jpg,Pacagen,66,352,"22,385.75","63,414",4.4,145,10,"Apr 4, 2025",11
"Nature's Dome Bed Bug Spray – 100% Kill Rate, 16 OZ Natural Bed Bug & Mite Killer, Destroys Eggs, Kills Resistant Strains, Long-Lasting Protection, Safe for Home Use",Bed Bug,Środki zabijające pluskwy (niektóre wspominają o roztoczach w drugiej kolejności),Indirect,B0DRPMQMKW,https://www.amazon.com/dp/B0DRPMQMKW?psc=1,https://m.media-amazon.com/images/I/71zRGpYl28L._AC_SY355_.jpg,NATURE'S DOME,19.95,366,"7,294.17","40,127",4.2,258,18,"Dec 27, 2024",15
"Premo Guard Pet Protector Spray - 128 oz - Kills Mites, Fleas, Ticks, & Mosquitoes - for Dogs, Cats, & Home - Natural Plant Based Oils for Control, Prevention & Treatment - Family Safe",Flea & Tick,"Spraye na pchły i kleszcze dla zwierząt, które również wspominają o roztoczach",Different market,B0D52P5TVQ,https://www.amazon.com/dp/B0D52P5TVQ?psc=1,https://m.media-amazon.com/images/I/717cPvDR2wL._AC_SY355_.jpg,Premo Guard,89.97,80,"7,233.55","8,694",4.2,"1,359","1,284","Jul 4, 2022",44
Hygea Natural Extra Strength Bed Bug Killer 3oz Travel Spray –TSA Approved - New Formula 66% Stronger- Stain & Scent Free Treatment – Natural Formula - Child & Pet Safe (50 Pack),Bed Bug,Środki zabijające pluskwy (niektóre wspominają o roztoczach w drugiej kolejności),Indirect,B0D3L9H4J9,https://www.amazon.com/dp/B0D3L9H4J9?psc=1,"https://m.media-amazon.com/images/I/71pYEmLY2iL._AC_SY355_PIbundle-50,TopRight,0,0_SH20_.jpg",Hygea Natural,275,25,"6,986","18,563",4.4,"1,571",39,"May 8, 2024",22
"HARRIS Bed Bug Killer, Liquid Spray with Odorless and Non-Staining Formula (Gallon)",Bed Bug,Środki zabijające pluskwy (niektóre wspominają o roztoczach w drugiej kolejności),Indirect,B003YHKY9I,https://www.amazon.com/dp/B003YHKY9I?psc=1,https://m.media-amazon.com/images/I/61UQnB3gFKL._AC_SY355_.jpg,HARRIS,23.99,283,"6,889.05","51,773",4.2,"6,330",6,"Jun 25, 2010",189
"Ortho Home Defense Max Bed Bug, Flea & Tick Killer with Comfort Wand, 1 gal. (2-Pack)",Bed Bug,Środki zabijające pluskwy (niektóre wspominają o roztoczach w drugiej kolejności),Indirect,B0BWL3TV59,https://www.amazon.com/dp/B0BWL3TV59?psc=1,https://m.media-amazon.com/images/I/71mu2YRM1SL._AC_SY355_.jpg,Ortho,48.49,130,"6,298.11",185,4.4,"32,315",192,"Feb 22, 2023",37
Steri-fab Bed Bug Insecticide 4 Gals Dust Mite Bed Bugs Killer Mattress Spray,Bed Bug,Środki zabijające pluskwy (niektóre wspominają o roztoczach w drugiej kolejności),Indirect,B015BSTLZU,https://www.amazon.com/dp/B015BSTLZU?psc=1,https://m.media-amazon.com/images/I/71s97PPRHJL._SX342_.jpg,Steri-Fab,197,32,"6,269.31","139,365",4.5,85,0,"Sep 13, 2015",126
"Clorox PURE Allergen Neutralizer Fabric and Carpet Spray, Nighttime Calm, 26 Fluid Ounces",Allergen Neutralizer,"Spraye neutralizujące/kontrolujące alergeny (kurz, sierść zwierząt, pyłki)",Direct competitors,B0FMZX54B9,https://www.amazon.com/dp/B0FMZX54B9?psc=1,https://m.media-amazon.com/images/I/61SI1Y-vOiL._AC_SY355_.jpg,Clorox,6.97,349,"2,426.96","4,930",4.3,124,60,"Aug 19, 2025",7
"Natural Bug, Insect & Pest Killer & Control Including Fleas, Ticks, Ants, Spiders, Bed Bugs, Dust Mites, Roaches and More for Indoor and Outdoor Use, 128 Oz Gallon",Bed Bug,Środki zabijające pluskwy (niektóre wspominają o roztoczach w drugiej kolejności),Indirect,B0847V4FHM,https://www.amazon.com/dp/B0847V4FHM?psc=1,https://m.media-amazon.com/images/I/71oaAtkufDL._SX342_.jpg,Natural Armor,29.95,207,"6,208.70","51,798",3.9,"1,707",2,"Feb 15, 2020",73
Travel Bed Bug & Mite Killer Spray by Premo Guard 3 oz – Child & Pet Safe – Fast Acting – Stain & Odor Free – Best Protection – Carryon Bag Approved,Bed Bug,Środki zabijające pluskwy (niektóre wspominają o roztoczach w drugiej kolejności),Indirect,B0829GQL73,https://www.amazon.com/dp/B0829GQL73?psc=1,https://m.media-amazon.com/images/I/61sCL-DQ90L._AC_SY355_.jpg,Premo Guard,10.97,559,"6,126.79","13,273",4.2,"5,044",35,"Dec 24, 2019",75
Steri-fab Bed Bug Insecticide 4 Gals Dust Mite Bed Bugs Killer Mattress Spray,Bed Bug,Środki zabijające pluskwy (niektóre wspominają o roztoczach w drugiej kolejności),Indirect,B00ON7LFVY,https://www.amazon.com/dp/B00ON7LFVY?psc=1,https://m.media-amazon.com/images/I/71s97PPRHJL._SX342_.jpg,Steri-Fab,186.17,32,"5,994.93","238,256",4.8,14,0,"Oct 18, 2014",137
Bedlam Bed Bugs Spray (2 Spray Cans),Bed Bug,Środki zabijające pluskwy (niektóre wspominają o roztoczach w drugiej kolejności),Indirect,B002Y2WUQ4,https://www.amazon.com/dp/B002Y2WUQ4?psc=1,https://m.media-amazon.com/images/I/61Az0GoRomL._AC_SY355_.jpg,MGK,34.99,165,"5,752.35","40,014",4.5,341,3,"Nov 20, 2009",196
"Hygea Natural Extra-Strength Bed Bug DIY Kit - unique, Odorless, Child & Pet Friendly - All water-friendly surfaces - 1 Bed Bug Spray (24 oz) & 1 Bed Bug Travel Spray in TSA Approved Size (3 oz)",Bed Bug,Środki zabijające pluskwy (niektóre wspominają o roztoczach w drugiej kolejności),Indirect,B0CLBB7F76,https://www.amazon.com/dp/B0CLBB7F76?psc=1,https://m.media-amazon.com/images/I/71MO93YgMBL._AC_SY355_.jpg,Hygea Natural,36.5,154,"5,615.07","18,575",4.4,"1,571",36,"Oct 18, 2023",29
"CHOMP! Travel Size Bed Bug & Insect Repellent, Natural, TSA Approved Indoor Pest Control Spray for Travel & Home, Plant-Based Dust Mite, Ant, Spider, Fly Killer, Peppermint Scent, 3.4 Fl Oz",Bed Bug,Środki zabijające pluskwy (niektóre wspominają o roztoczach w drugiej kolejności),Indirect,B0CNTZ1RSN,https://www.amazon.com/dp/B0CNTZ1RSN?psc=1,https://m.media-amazon.com/images/I/51q3m7eLcvL._AC_SY355_.jpg,WP CHOMP!,12.97,404,"5,243.35","1,858",4.5,"1,027",20,"Nov 22, 2023",28
Hygea Natural Lice Spray for Home & Furniture - Natural Treatment for Head Lice - Family & Pet Friendly - Quick Action Against Infestations - Stain & Scent Free 24oz Spray,Lice Treatment,Domowe spraye na wszy,Different market,B0CH1J5TY8,https://www.amazon.com/dp/B0CH1J5TY8?psc=1,https://m.media-amazon.com/images/I/61cvp7d8K9L._AC_SY355_.jpg,Hygea Natural,23.75,220,"5,222.52","46,695",4.3,148,2,"Aug 31, 2023",31
"Bed Bug Spray 24 Oz, Carpet Beetle Killer, Indoor & Outdoor Bug Control for Mite, Ant, Spider and Flea, Plant Extract Based Non Toxic Bed Bug Killer, Child & Pet Safe",Bed Bug,Środki zabijające pluskwy (niektóre wspominają o roztoczach w drugiej kolejności),Indirect,B0BMNBJ33B,https://www.amazon.com/dp/B0BMNBJ33B?psc=1,https://m.media-amazon.com/images/I/61HvmlGngtL._AC_SY355_.jpg,BugPursuit,24.99,209,"5,217.72","32,308",4.1,483,1,"Nov 16, 2022",40
"Hot Shot Bed Bug Killer With Egg Kill, Ready-To-Use, 32 Ounces, Treatment For Bed Bugs, Pack of 12",Bed Bug,Środki zabijające pluskwy (niektóre wspominają o roztoczach w drugiej kolejności),Indirect,B01N9XUKTC,https://www.amazon.com/dp/B01N9XUKTC?psc=1,https://m.media-amazon.com/images/I/81CS6-M8JrL._AC_SY355_.jpg,HOT SHOT,81.11,64,"5,200.07","1,183",4.4,"9,398",69,"Jan 31, 2017",110
"Hygea Natural Dust Mite Killer Spray - Eliminates Dust, Carpet, Rodent, Bird, Scabies Mites - Safe for Home, Children, Pets, Bedding & Furniture, 24 oz, Unscented",Dust Mite Specialist,Spraye specjalnie zwalczające roztocza kurzu domowego,Close competitors,B0DNSL8TXW,https://www.amazon.com/dp/B0DNSL8TXW?psc=1,https://m.media-amazon.com/images/I/611QLerc9bL._AC_SX355_.jpg,Hygea Natural,23.75,473,"11,231.43","33,835",4.1,122,15,"Nov 22, 2024",16
Eco Defense Bed Bug Killer - Bed Bug Spray & Dust Mite Spray - Natural Treatment - 1 Gallon,Bed Bug,Środki zabijające pluskwy (niektóre wspominają o roztoczach w drugiej kolejności),Indirect,B07BZKMCD2,https://www.amazon.com/dp/B07BZKMCD2?psc=1,https://m.media-amazon.com/images/I/71PPpCWUhkL._AC_SY355_.jpg,Eco Defense,69.95,72,"5,030.99","142,206",4.1,"9,573",15,"Mar 18, 2015",132
"Steri-fab All-in-One Disinfectant & Insecticide Spray – Kills Bed Bugs, Fleas, Mites, Roaches, Viruses, Fungi, & Odors – Quick-Drying, Non-Residual – 16 Ounce Sprayer Bottle & 1 Gallon Jug",Bed Bug,Środki zabijające pluskwy (niektóre wspominają o roztoczach w drugiej kolejności),Indirect,B07YZPSDYP,https://www.amazon.com/dp/B07YZPSDYP?psc=1,https://m.media-amazon.com/images/I/71+HnzjZDcL._AC_SY355_.jpg,Steri-Fab,67.27,72,"5,023.06","130,530",4.3,168,0,"Oct 11, 2019",77
"Control Solutions Inc. 82770003 Stryker 54 Contact Insect Spray, 15 Ounce (Pack of 1), Clear Aerosol",Other Pest Control,"Spraye z miętą pieprzową, ogólne środki owadobójcze itp.",Tangential,B07HN8X7DD,https://www.amazon.com/dp/B07HN8X7DD?psc=1,https://m.media-amazon.com/images/I/71npgwj3IIL._AC_SY355_.jpg,Control Solutions,17.3,277,"4,999.11","15,394",4.5,"1,501",0,"Sep 25, 2018",90
"Steri-fab All-in-One Disinfectant Spray – Kills Bed Bugs, Fleas, Mites, Roaches, Viruses, Fungi, & Odors – Quick-Drying, Non-Residual, 16 Ounce Sprayer Bottle",Bed Bug,Środki zabijające pluskwy (niektóre wspominają o roztoczach w drugiej kolejności),Indirect,B000SOJQDA,https://www.amazon.com/dp/B000SOJQDA?psc=1,https://m.media-amazon.com/images/I/61-Jkslc8wL._AC_SY355_.jpg,Steri-Fab,18.2,261,"4,984.67","8,384",4.4,"1,969",15,"Jun 27, 2007",225
"Hot Shot Bed Bug Killer Aerosol, Case Pack of 12",Bed Bug,Środki zabijające pluskwy (niektóre wspominają o roztoczach w drugiej kolejności),Indirect,B09YFV8V3W,https://www.amazon.com/dp/B09YFV8V3W?psc=1,https://m.media-amazon.com/images/I/91N02dPpyjL._AC_SY355_.jpg,HOT SHOT,112.56,45,"4,944.90","1,184",4.4,"9,398",70,"Apr 20, 2022",47
"Hot Shot Bed Bug Killer Aerosol, Bed Bug Treatment, 17.5 oz",Bed Bug,Środki zabijające pluskwy (niektóre wspominają o roztoczach w drugiej kolejności),Indirect,B09X293BFS,https://www.amazon.com/dp/B09X293BFS?psc=1,https://m.media-amazon.com/images/I/71DYdAdWm1L._AC_SY355_.jpg,HOT SHOT,7.94,620,"4,926.33","1,183",4.4,"9,398",68,"Apr 1, 2022",47
"BugMD Bed Bug & Mite Spray - TSA Approved 3 oz - Child & Pet Safe, Stain & Odor Free - Lice, Tick, Fly, Mosquito, Flea, Dust Mite Treatment - Travel Essential for Hotels, Suitcases, Backpacks, Shoes",Bed Bug,Środki zabijające pluskwy (niektóre wspominają o roztoczach w drugiej kolejności),Indirect,B0D97F1HH2,https://www.amazon.com/dp/B0D97F1HH2?psc=1,https://m.media-amazon.com/images/I/71l7nXFazpL._AC_SY355_.jpg,BugMD,12.49,387,"4,826.35","56,459",4,866,13,"Aug 15, 2024",19
All Natural Bed Bug Spray - Non-Toxic Bed Bug Killer - 2 Bottle Value Bed Bug Spray Travel Size - Fast-Acting Bed Bug Killer | Kills Fleas and Mites,Bed Bug,Środki zabijające pluskwy (niektóre wspominają o roztoczach w drugiej kolejności),Indirect,B0CQPL65QX,https://www.amazon.com/dp/B0CQPL65QX?psc=1,"https://m.media-amazon.com/images/I/81pTKvgiI2L._AC_SY355_PIbundle-2,TopRight,0,0_SH20_.jpg",GARDENIX DECOR,9.99,481,"4,799.03","44,939",4.3,644,17,"Dec 20, 2023",27
"Hygea Natural Extra Strength Bed Bug Killer & Mite Travel Spray - TSA Approved Size - Child & Pet Friendly - Stain & Odor Free - for Hotel, Suitcase, Backpack, Shoes - 66% Stronger Formula(2pk, 3 oz)",Bed Bug,Środki zabijające pluskwy (niektóre wspominają o roztoczach w drugiej kolejności),Indirect,B0DH832SLB,https://www.amazon.com/dp/B0DH832SLB?psc=1,"https://m.media-amazon.com/images/I/71KQ49HwtGL._AC_SY355_PIbundle-2,TopRight,0,0_SH20_.jpg",Hygea Natural,27,167,"4,514.59","18,563",4.4,"1,571",36,"Sep 17, 2024",18
Premo Plus+ Bed Bug Spray Extra Strength – 32 oz – Fast Acting Bed Bug Treatment & Killer – Stain & Scent Free – Child & Pet Safe – Powerful New Stronger Formula – Natural with No Harmful Chemicals,Bed Bug,Środki zabijające pluskwy (niektóre wspominają o roztoczach w drugiej kolejności),Indirect,B0D4BZZWJX,https://www.amazon.com/dp/B0D4BZZWJX?psc=1,https://m.media-amazon.com/images/I/61OQbbrZtvL._AC_SY355_.jpg,Premo Guard,39.97,112,"4,473.25","91,359",4.1,163,4,"May 16, 2024",22
"Hot Shot Bed Bug Killer Dust With Diatomaceous Earth 8 Ounces, Treatment For Bed Bugs, 6 Pack",Bed Bug,Środki zabijające pluskwy (niektóre wspominają o roztoczach w drugiej kolejności),Indirect,B01N9XUG2F,https://www.amazon.com/dp/B01N9XUG2F?psc=1,https://m.media-amazon.com/images/I/81nLg-CnSAL._AC_SY355_.jpg,HOT SHOT,46.62,90,"4,378.19","335,730",4.4,"9,398",42,"Jan 31, 2017",110
"Hygea Natural Lice, Mite, and Bed Bug Killer Natural Spray - Child & Pet Friendly - Immediate Results - Stain & Odor Free (24 Ounce)",Bed Bug,Środki zabijające pluskwy (niektóre wspominają o roztoczach w drugiej kolejności),Indirect,B08F5GRYDV,https://www.amazon.com/dp/B08F5GRYDV?psc=1,https://m.media-amazon.com/images/I/61zv6dMm0ML._AC_SX355_.jpg,Hygea Natural,23.75,172,"4,093.74","8,012",4.5,"2,862",44,"Aug 3, 2020",67
"Grower's Ally Spider Mite Control Concentrate - Natural Insecticide & Spider Mites Killer for Plants Indoor & Outdoor - OMRI Listed Garden Pest Control - Bee, Pet & Kid Safe - 8 Oz, Makes 25 Gallons",Multi-Pest Spray,Zabija roztocza + pchły + pająki + inne szkodniki,Partial overlap,B09DPSXMHW,https://www.amazon.com/dp/B09DPSXMHW?psc=1,https://m.media-amazon.com/images/I/51b0G7+phsL._SX342_.jpg,Grower's Ally,49.98,127,"4,057.50","9,941",4.2,"1,973",8,"Oct 8, 2021",53
"Nature's Dome Bed Bug Spray – 100% Kill Rate, 1 Gallon Natural Bed Bug & Mite Killer, Destroys Eggs, Kills Resistant Strains, Long-Lasting Protection, Safe for Home Use",Bed Bug,Środki zabijające pluskwy (niektóre wspominają o roztoczach w drugiej kolejności),Indirect,B0DS2RT2SG,https://www.amazon.com/dp/B0DS2RT2SG?psc=1,https://m.media-amazon.com/images/I/71yPFKFxgwL._AC_SY355_.jpg,NATURE'S DOME,34.99,115,"4,018.43","40,140",4.2,258,23,"Jan 3, 2025",14
"Mite Killer Treatment Spray Pack by Mite-B-Gone - Naturally Kills All Types of Mites, Human, Dust, Spider, Rat, Carpet & Bird Mites | Family & Pet Friendly | 1 Gal 4-Pack",Dust Mite Specialist,Zabija roztocza + pchły + pająki + inne szkodniki,Partial overlap,B0DPJGF27N,https://www.amazon.com/dp/B0DPJGF27N?psc=1,"https://m.media-amazon.com/images/I/719Y1GM7uAL._AC_SY355_PIbundle-4,TopRight,0,0_SH20_.jpg",Naturasil,249.97,19,"4,000.66","1,781",4.2,"2,762",49,"Dec 3, 2024",15
"Hygea Natural Dust Mite Killer Spray - Eliminates Dust, Carpet, Rodent, Bird, Scabies Mites - Safe for Home, Children, Pets, Bedding & Furniture, 128 oz, Unscented",Dust Mite Specialist,Spraye specjalnie zwalczające roztocza kurzu domowego,Close competitors,B0DNSL3C14,https://www.amazon.com/dp/B0DNSL3C14?psc=1,https://m.media-amazon.com/images/I/71W+Ng9ts3L._AC_SY355_.jpg,Hygea Natural,59.99,123,"7,405.96","33,835",4.1,122,15,"Nov 29, 2024",16
"Bed Bug & Dust Mite Killer Natural Spray Treatment for Insects - Mattresses, Covers, Carpets & Furniture - Fast Extended Protection. Pet & Kids Safe - No Toxins or Chemicals 128 oz Gallon",Dust Mite Specialist,Środki zabijające pluskwy (niektóre wspominają o roztoczach w drugiej kolejności),Indirect,B084FK1M3K,https://www.amazon.com/dp/B084FK1M3K?psc=1,https://m.media-amazon.com/images/I/718LSRCb+-L._AC_SY355_.jpg,Natural Armor,39.95,100,"3,982.68","91,783",4,931,3,"Feb 2, 2020",73
Allersearch Cat Dander Spray ADMS,Allergen Neutralizer,"Spraye z miętą pieprzową, ogólne środki owadobójcze itp.",Tangential,B0929JJX67,https://www.amazon.com/dp/B0929JJX67?psc=1,https://m.media-amazon.com/images/I/71VTb2hmMUL._AC_SY355_.jpg,Allersearch,26.95,146,"3,945.76","35,869",4.3,176,3,"Apr 23, 2021",59
"Hygea Natural Lice, Mite, and Bed Bug Killer Travel Spray - TSA Approved 3 oz Size Bottles - Child & Pet Friendly - Stain & Odor Free - for Hotels, Suitcase, Backpack, Shoes - Bed Bug Spray (3 Pack)",Bed Bug,Środki zabijające pluskwy (niektóre wspominają o roztoczach w drugiej kolejności),Indirect,B007TOKZ0A,https://www.amazon.com/dp/B007TOKZ0A?psc=1,"https://m.media-amazon.com/images/I/71yf7eq5lVL._AC_SY355_PIbundle-3,TopRight,0,0_SH20_.jpg",Hygea Natural,30,129,"3,856.14","8,013",4.5,"2,862",54,"Apr 13, 2012",167
"Good Night Bed Bug Spray, 16oz | Odorless, Water-Based, EPA Registered | Eliminates Bed Bugs, Lice, Ticks, Fleas, House Dust Mites | Ideal for Homes, Dormitories, Hotels",Bed Bug,Środki zabijające pluskwy (niektóre wspominają o roztoczach w drugiej kolejności),Indirect,B005GWTSPA,https://www.amazon.com/dp/B005GWTSPA?psc=1,"https://m.media-amazon.com/images/I/71XqOvEHLBL._AC_SY355_PIbundle-12,TopRight,0,0_SH20_.jpg",Sprayway,25.36,194,"3,678.52","78,378",4.5,777,1,"Jul 20, 2008",212
"Pacagen Dog Allergen Neutralizing Spray for Humans - Perfect for Home Use, Immediate Results, Easy to Use, and Pet Friendly - A Few Sprays Away from A Clear Day",Allergen Neutralizer,"Spraye neutralizujące/kontrolujące alergeny (kurz, sierść zwierząt, pyłki)",Direct competitors,B0F74S8KLB,https://www.amazon.com/dp/B0F74S8KLB?psc=1,https://m.media-amazon.com/images/I/61PTDw+7YzL._AC_SY355_.jpg,Pacagen,66,239,"14,865.43","66,555",4.7,113,0,"May 1, 2025",10
"Premo Guard Travel Bed Bug, Mite & Lice Spray 3 oz - TSA Carryon Approved - Natural Stain & Odor Free - Public Transportation, Accommodations & Luggage - Chid & Pet Safe (3 Pack)",Bed Bug,Środki zabijające pluskwy (niektóre wspominają o roztoczach w drugiej kolejności),Indirect,B0CW21H8MT,https://www.amazon.com/dp/B0CW21H8MT?psc=1,https://m.media-amazon.com/images/I/71FRQgz0ewL._AC_SY355_.jpg,Premo Guard,19.97,176,"3,516.05","13,279",4.2,"5,044",35,"Feb 22, 2024",25
Ecovenger® Bed Bug Killer Travel TSA 3 oz | Kills Eggs and the Resistant | Fast Total Remedy | Plant-Based USDA BIO-Certified | Child and Pet Safe,Bed Bug,Środki zabijające pluskwy (niektóre wspominają o roztoczach w drugiej kolejności),Indirect,B0DHZJG5GZ,https://www.amazon.com/dp/B0DHZJG5GZ?psc=1,https://m.media-amazon.com/images/I/51LLcT8VYYL._AC_SY355_.jpg,EcoVenger,9.99,346,"3,454.83","4,626",4.2,"20,340",100,"Dec 1, 2024",15
EcoVenger Bed Bug Killer (480ML) 100% Kill Efficacy−Kills All Stages on Contact-14 Day Residual Protection− Eco-Friendly & Non-Toxic Child & Pet Friendly,Bed Bug,Środki zabijające pluskwy (niektóre wspominają o roztoczach w drugiej kolejności),Indirect,B0C9PTD6D1,https://www.amazon.com/dp/B0C9PTD6D1?psc=1,https://m.media-amazon.com/images/I/61Ar--ff5zL._AC_SY355_.jpg,EcoVenger,19.95,164,"3,282.09","46,766",4.2,"1,589",24,"Jun 29, 2023",33
"Ortho Home Defense Max Bed Bug Killer - Also Kills Fleas & Brown Dog Ticks, Spot Treatment, 18 oz. (2-Pack)",Bed Bug,Środki zabijające pluskwy (niektóre wspominają o roztoczach w drugiej kolejności),Indirect,B09HWYP4Z8,https://www.amazon.com/dp/B09HWYP4Z8?psc=1,https://m.media-amazon.com/images/I/71g0yXXF1FL._AC_SY355_.jpg,Ortho,25.92,124,"3,274.87",185,4.4,"32,315",194,"Oct 7, 2021",53
Premo Plus+ Bed Bug Spray Extra Strength – 128 oz – Fast Acting Bed Bug Treatment & Killer – Stain & Scent Free – Child & Pet Safe – Powerful New Stronger Formula – Natural with No Harmful Chemicals,Bed Bug,Środki zabijające pluskwy (niektóre wspominają o roztoczach w drugiej kolejności),Indirect,B0D3FMVNCF,https://www.amazon.com/dp/B0D3FMVNCF?psc=1,https://m.media-amazon.com/images/I/714VF2Svd1L._AC_SY355_.jpg,Premo Guard,99.97,32,"3,201.13","91,359",4.1,163,4,"Dec 12, 2024",15
"The Ecology Works - Dust Mite and Flea Control Powder (2lb) - Eliminate Dust Mites, Fleas & Reduce Allergies, Gentle Hypoallergenic Formula for Fabric, Furniture, Pet Beds & More",Allergen Neutralizer,Zabija roztocza + pchły + pająki + inne szkodniki,Partial overlap,B006G8YJXE,https://www.amazon.com/dp/B006G8YJXE?psc=1,https://m.media-amazon.com/images/I/71gTanEIpCL._AC_SY355_.jpg,The Ecology Works,25.99,123,"3,188.50","133,934",4.1,434,2,"Mar 28, 2008",216
"Bed Bug Travel Spray – 3oz | Fast-Acting TSA Approved - Non-Toxic Hotel Treatment - Kills Bedbugs, Eggs & Larvae | Natural, Family & Pet Safe by Bed Bug Patrol",Bed Bug,Środki zabijające pluskwy (niektóre wspominają o roztoczach w drugiej kolejności),Indirect,B00467146W,https://www.amazon.com/dp/B00467146W?psc=1,https://m.media-amazon.com/images/I/714f9Z-3RmL._AC_SY355_.jpg,Bed Bug Patrol,13.49,231,"3,090.96","73,198",4.4,"1,020",2,"Oct 6, 2010",185
"BugOut! Laundry Additive – Natural Detergent Booster for Bed Bug, Mite, Flea, Tick & Carpet Beetle Treatment | Plant-Based Killer, Made with Fabric-Safe Soap | Works in Hot and Cold Wash (1 Gallon)",Bed Bug,Środki zabijające pluskwy (niektóre wspominają o roztoczach w drugiej kolejności),Indirect,B0FG98VHQL,https://www.amazon.com/dp/B0FG98VHQL?psc=1,https://m.media-amazon.com/images/I/71P1tSovSLL._AC_SY355_.jpg,ECOPEST,74.99,39,"2,895.54","41,905",4.5,82,5,"Jul 1, 2025",8
"Complete Home Allergen Kit| Dust Mite Killer, Allergen Spray and Anti Allergen Laundry Detergent Trio",Allergen Neutralizer,"Spraye neutralizujące/kontrolujące alergeny (kurz, sierść zwierząt, pyłki)",Direct competitors,B0CXBVKTM3,https://www.amazon.com/dp/B0CXBVKTM3?psc=1,https://m.media-amazon.com/images/I/61Vt8DUcTZL._AC_SX355_.jpg,The Ecology Works,59.99,36,"2,173.99","158,487",4.1,56,0,"Mar 6, 2024",24
"EcoVenger Mite Killer 16 OZ Spray, Kills Dust Mites, Scabies, Bird Mites, Chiggers, Poultry Mites, Spider Mites for Residential, Plant, Animals & Birds, Plant-Based and Non-Toxic",Dust Mite Specialist,Sprays specifically targeting dust mites,Close competitors,B0F28N2GNK,https://www.amazon.com/dp/B0F28N2GNK?psc=1,https://m.media-amazon.com/images/I/61Xrf6GNcvL._SX342_.jpg,EcoVenger,18.95,"1,092","20,697.91","35,820",4.4,52,6,"Mar 24, 2025",12
"Hot Shot Bed Bug Killer Dust With Diatomaceous Earth For Insects 8 Ounces, Treatment For Bed Bugs",Bed Bug,Środki zabijające pluskwy (niektóre wspominają o roztoczach w drugiej kolejności),Indirect,B01MUGRY5C,https://www.amazon.com/dp/B01MUGRY5C?psc=1,https://m.media-amazon.com/images/I/81U812YfHNL._AC_SY355_.jpg,HOT SHOT,8.97,293,"2,606.42","1,183",4.4,"9,398",69,"Jan 31, 2017",110
Mite Dust – Pest Management Powder – Suitable for Indoor and Outdoor Use,General Mite Spray,"Ogólne środki zabójcze roztoczy, bez określonej niszy",Partial overlap,B0DXRTJPTT,https://www.amazon.com/dp/B0DXRTJPTT?psc=1,https://m.media-amazon.com/images/I/61WvNfbk5XL._SX342_.jpg,Vetforce,28.99,77,"2,238.04","50,066",4.3,50,0,"Feb 19, 2025",13
"Minty Insect & Pest Control, Powerful & Natural 5% Peppermint Oil Spray for Ants, Spiders, Bed Bugs, Dust Mites, Roaches and More - Indoor and Outdoor Use, 128 fl oz Gallon",Bed Bug,Środki zabijające pluskwy (niektóre wspominają o roztoczach w drugiej kolejności),Indirect,B0BS8HKS2R,https://www.amazon.com/dp/B0BS8HKS2R?psc=1,https://m.media-amazon.com/images/I/719JDnWXQeL._AC_SY355_.jpg,Minty,33.95,71,"2,425.02","45,793",4.3,249,5,"Jan 13, 2023",38
"Grandpa Gus's Natural Bed Bug Spray, Plant-Based Bug Control for Home, Mattresses, Furniture, Carpets, and Bedding, Kills Bed Bugs and Eggs, Safe for Kids and Pets, 16 fl oz",Bed Bug,Środki zabijające pluskwy (niektóre wspominają o roztoczach w drugiej kolejności),Indirect,B0BZDSJDMC,https://www.amazon.com/dp/B0BZDSJDMC?psc=1,https://m.media-amazon.com/images/I/71+CylpPWjL._SY445_.jpg,Grandpa Gus's,18.99,118,"2,240","100,934",3.8,167,3,"Mar 14, 2023",36
"Mite Killer Spray – Kills Dust, Bird, Carpet & Household Mites Fast | Non-Toxic, Kid & Pet Safe Formula for Bedding, Furniture & Home | 16 oz",General Mite Spray,"Ogólne środki zabójcze roztoczy, bez określonej niszy",Partial overlap,B0G32F5VQG,https://www.amazon.com/dp/B0G32F5VQG?psc=1,https://m.media-amazon.com/images/I/815-C67OagL._SY445_.jpg,Colton's Naturals,19.95,314,"6,268.48","22,490",4.5,29,6,"Nov 19, 2025",4
"Steri-Fab Pest Control Spray, Case of 12 x 16 oz Bottles",Other Pest Control,"Spraye z miętą pieprzową, ogólne środki owadobójcze itp.",Tangential,B01HKCMNF0,https://www.amazon.com/dp/B01HKCMNF0?psc=1,https://m.media-amazon.com/images/I/61pizdJLmjS._AC_SY355_.jpg,DavesPestDefense,148.85,12,"2,197.61","271,570",4.2,14,0,"Sep 12, 2016",114
"Hygea Natural Dust Mite Laundry Additive - Eliminates Dust, Carpet, Rodent, Bird & Scabies Mites - Pet & Child-Friendly, Eco-Friendly for Bedding, Clothing, Linens - 128oz",Dust Mite Specialist,Sprays specifically targeting dust mites,Close competitors,B0DNSM9JCV,https://www.amazon.com/dp/B0DNSM9JCV?psc=1,https://m.media-amazon.com/images/I/61dtPQuNHfL._AC_SX355_.jpg,Hygea Natural,66.99,41,"2,755.09","134,913",4,22,0,"Nov 27, 2024",16
"Natural Bug, Insect & Pest Killer & Control Including Fleas, Ticks, Ants, Spiders, Bed Bugs, Dust Mites, Roaches and More for Indoor and Outdoor Use, 128 Fl Oz Gallon Refill",Bed Bug,Środki zabijające pluskwy (niektóre wspominają o roztoczach w drugiej kolejności),Indirect,B08CM5P11X,https://www.amazon.com/dp/B08CM5P11X?psc=1,https://m.media-amazon.com/images/I/71y1noMuQnL._SX342_.jpg,Natural Armor,28.95,73,"2,122.31","51,798",3.9,"1,707",1,"Jul 8, 2020",68
"3-Pack Bed Bug Killer Spray - Travel Size TSA Approved - Repels Bed Bugs, Dust Mites, Lice & Fleas with Natural Essential Oils - Travel Essentials for Women - 3 Fl Oz",Bed Bug,Środki zabijające pluskwy (niektóre wspominają o roztoczach w drugiej kolejności),Indirect,B0FQ9ZSK2F,https://www.amazon.com/dp/B0FQ9ZSK2F?psc=1,"https://m.media-amazon.com/images/I/71b+3hpRAnL._AC_SY355_PIbundle-3,TopRight,0,0_SH20_.jpg",EGOFLEX,19.99,106,"2,112.52","137,762",4.7,22,5,"Sep 9, 2025",6
"Bedlam Insecticide Spray - Kills Bed Bugs, Lice, and Dust Mites (17 oz)",Bed Bug,Środki zabijające pluskwy (niektóre wspominają o roztoczach w drugiej kolejności),Indirect,B002M4T5SK,https://www.amazon.com/dp/B002M4T5SK?psc=1,https://m.media-amazon.com/images/I/71e6miX-PJL._AC_SY355_.jpg,MGK,20.47,105,"2,041.55","104,754",4.3,656,0,"Aug 19, 2009",199
